{
  "LSTM": {
    "yield": {
      "r2": 0.6407934427261353,
      "rmse": 4.047815799713135,
      "mae": 2.9402143955230713
    },
    "failure": {
      "auc": 0.6854166666666667,
      "f1": 0.4,
      "precision": 0.4032258064516129,
      "recall": 0.3968253968253968,
      "accuracy": 0.6636771300448431,
      "threshold": 0.5,
      "pos_rate": 0.2825112044811249,
      "f1_opt": 0.5296803652968036,
      "threshold_opt": 0.41
    }
  },
  "XGBoost": {
    "yield": {
      "r2": 0.6820100545883179,
      "rmse": 3.80851149559021,
      "mae": 2.673666477203369
    },
    "failure": {
      "auc": 0.6626984126984127,
      "f1": 0.4247787610619469,
      "precision": 0.48,
      "recall": 0.38095238095238093,
      "accuracy": 0.7085201793721974,
      "threshold": 0.5,
      "pos_rate": 0.2825112044811249,
      "f1_opt": 0.5128205128205128,
      "threshold_opt": 0.2
    }
  },
  "Stacked": {
    "yield": {
      "r2": 0.7116098637829336,
      "rmse": 3.626926688215471,
      "mae": 2.4972897388141253
    },
    "failure": {
      "auc": 0.7213293650793651,
      "f1": 0.45454545454545453,
      "precision": 0.5319148936170213,
      "recall": 0.3968253968253968,
      "accuracy": 0.7309417040358744,
      "threshold": 0.5,
      "pos_rate": 0.2825112044811249,
      "f1_opt": 0.5384615384615384,
      "threshold_opt": 0.42
    }
  },
  "NaiveAvg": {
    "yield": {
      "r2": 0.7113598585128784,
      "rmse": 3.6284985542297363,
      "mae": 2.5034289360046387
    },
    "failure": {
      "auc": 0.7089285714285715,
      "f1": 0.4247787610619469,
      "precision": 0.48,
      "recall": 0.38095238095238093,
      "accuracy": 0.7085201793721974,
      "threshold": 0.5,
      "pos_rate": 0.2825112044811249,
      "f1_opt": 0.5222929936305732,
      "threshold_opt": 0.34
    }
  }
}